Model,Accuracy,Precision,Recall,F1 Score
cn_10_8_2e-4_adamW.txt,0.9047619047619048,0.7999999999999999,0.9296296296296296,0.8199911543564795
