Model,Accuracy,Precision,Recall,F1 Score
cn_20_8_2e-4_adamW.txt,0.9047619047619048,0.7956349206349206,0.8529629629629629,0.8084688420822875
