Model,Accuracy,Precision,Recall,F1 Score
cn_30_1_2e-4_adamW.txt,0.9206349206349206,0.826241134751773,0.9362962962962963,0.8520989151674415
