Model,Accuracy,Precision,Recall,F1 Score
cn_30_8_2e-4_adamW.txt,0.9841269841269841,0.9333333333333332,0.9933333333333333,0.9595959595959597
