Model,Accuracy,Precision,Recall,F1 Score
cn_30_8_1e-3_adamW.txt,0.9206349206349206,0.8148148148148149,0.9362962962962963,0.8382981397687281
