Model,Accuracy,Precision,Recall,F1 Score
cn_30_8_3e-5_adamW.txt,0.9206349206349206,0.8197278911564626,0.8596296296296296,0.830223806694395
